[
    {
        "id": "def_686d8cb590397",
        "name": "char_a",
        "content": "a",
        "notes": "Auto-generated by JISC"
    },
    {
        "id": "def_686d8cb59039c",
        "name": "char_b",
        "content": "b",
        "notes": "Auto-generated by JISC"
    },
    {
        "id": "def_686d8cb59039d",
        "name": "char_c",
        "content": "c",
        "notes": "Auto-generated by JISC"
    },
    {
        "id": "def_686d8cb59039e",
        "name": "char_d",
        "content": "d",
        "notes": "Auto-generated by JISC"
    },
    {
        "id": "def_686d8cb59039f",
        "name": "char_e",
        "content": "e",
        "notes": "Auto-generated by JISC"
    },
    {
        "id": "def_686d8cb5903a0",
        "name": "char_f",
        "content": "f",
        "notes": "Auto-generated by JISC"
    },
    {
        "id": "def_686d8cb5903a1",
        "name": "char_g",
        "content": "g",
        "notes": "Auto-generated by JISC"
    },
    {
        "id": "def_686d8cb5903a2",
        "name": "char_h",
        "content": "h",
        "notes": "Auto-generated by JISC"
    },
    {
        "id": "def_686d8cb5903a3",
        "name": "char_i",
        "content": "i",
        "notes": "Auto-generated by JISC"
    },
    {
        "id": "def_686d8cb5903a4",
        "name": "char_j",
        "content": "j",
        "notes": "Auto-generated by JISC"
    },
    {
        "id": "def_686d8cb5903a5",
        "name": "char_k",
        "content": "k",
        "notes": "Auto-generated by JISC"
    },
    {
        "id": "def_686d8cb5903a6",
        "name": "char_l",
        "content": "l",
        "notes": "Auto-generated by JISC"
    },
    {
        "id": "def_686d8cb5903a7",
        "name": "char_m",
        "content": "m",
        "notes": "Auto-generated by JISC"
    },
    {
        "id": "def_686d8cb5903a8",
        "name": "char_n",
        "content": "n",
        "notes": "Auto-generated by JISC"
    },
    {
        "id": "def_686d8cb5903a9",
        "name": "char_o",
        "content": "o",
        "notes": "Auto-generated by JISC"
    },
    {
        "id": "def_686d8cb5903aa",
        "name": "char_p",
        "content": "p",
        "notes": "Auto-generated by JISC"
    },
    {
        "id": "def_686d8cb5903ab",
        "name": "char_q",
        "content": "q",
        "notes": "Auto-generated by JISC"
    },
    {
        "id": "def_686d8cb5903ac",
        "name": "char_r",
        "content": "r",
        "notes": "Auto-generated by JISC"
    },
    {
        "id": "def_686d8cb5903ad",
        "name": "char_s",
        "content": "s",
        "notes": "Auto-generated by JISC"
    },
    {
        "id": "def_686d8cb5903ae",
        "name": "char_t",
        "content": "t",
        "notes": "Auto-generated by JISC"
    },
    {
        "id": "def_686d8cb5903af",
        "name": "char_u",
        "content": "u",
        "notes": "Auto-generated by JISC"
    },
    {
        "id": "def_686d8cb5903b0",
        "name": "char_v",
        "content": "v",
        "notes": "Auto-generated by JISC"
    },
    {
        "id": "def_686d8cb5903b1",
        "name": "char_w",
        "content": "w",
        "notes": "Auto-generated by JISC"
    },
    {
        "id": "def_686d8cb5903b2",
        "name": "char_x",
        "content": "x",
        "notes": "Auto-generated by JISC"
    },
    {
        "id": "def_686d8cb5903b3",
        "name": "char_y",
        "content": "y",
        "notes": "Auto-generated by JISC"
    },
    {
        "id": "def_686d8cb5903b4",
        "name": "char_z",
        "content": "z",
        "notes": "Auto-generated by JISC"
    },
    {
        "id": "def_686d8cb5903b5",
        "name": "char_a_2",
        "content": "A",
        "notes": "Auto-generated by JISC"
    },
    {
        "id": "def_686d8cb5903b6",
        "name": "char_b_2",
        "content": "B",
        "notes": "Auto-generated by JISC"
    },
    {
        "id": "def_686d8cb5903b7",
        "name": "char_c_2",
        "content": "C",
        "notes": "Auto-generated by JISC"
    },
    {
        "id": "def_686d8cb5903b8",
        "name": "char_d_2",
        "content": "D",
        "notes": "Auto-generated by JISC"
    },
    {
        "id": "def_686d8cb5903b9",
        "name": "char_e_2",
        "content": "E",
        "notes": "Auto-generated by JISC"
    },
    {
        "id": "def_686d8cb5903ba",
        "name": "char_f_2",
        "content": "F",
        "notes": "Auto-generated by JISC"
    },
    {
        "id": "def_686d8cb5903bb",
        "name": "char_g_2",
        "content": "G",
        "notes": "Auto-generated by JISC"
    },
    {
        "id": "def_686d8cb5903bc",
        "name": "char_h_2",
        "content": "H",
        "notes": "Auto-generated by JISC"
    },
    {
        "id": "def_686d8cb5903bd",
        "name": "char_i_2",
        "content": "I",
        "notes": "Auto-generated by JISC"
    },
    {
        "id": "def_686d8cb5903be",
        "name": "char_j_2",
        "content": "J",
        "notes": "Auto-generated by JISC"
    },
    {
        "id": "def_686d8cb5903bf",
        "name": "char_k_2",
        "content": "K",
        "notes": "Auto-generated by JISC"
    },
    {
        "id": "def_686d8cb5903c0",
        "name": "char_l_2",
        "content": "L",
        "notes": "Auto-generated by JISC"
    },
    {
        "id": "def_686d8cb5903c1",
        "name": "char_m_2",
        "content": "M",
        "notes": "Auto-generated by JISC"
    },
    {
        "id": "def_686d8cb5903c2",
        "name": "char_n_2",
        "content": "N",
        "notes": "Auto-generated by JISC"
    },
    {
        "id": "def_686d8cb5903c3",
        "name": "char_o_2",
        "content": "O",
        "notes": "Auto-generated by JISC"
    },
    {
        "id": "def_686d8cb5903c4",
        "name": "char_p_2",
        "content": "P",
        "notes": "Auto-generated by JISC"
    },
    {
        "id": "def_686d8cb5903c5",
        "name": "char_q_2",
        "content": "Q",
        "notes": "Auto-generated by JISC"
    },
    {
        "id": "def_686d8cb5903c6",
        "name": "char_r_2",
        "content": "R",
        "notes": "Auto-generated by JISC"
    },
    {
        "id": "def_686d8cb5903c7",
        "name": "char_s_2",
        "content": "S",
        "notes": "Auto-generated by JISC"
    },
    {
        "id": "def_686d8cb5903c8",
        "name": "char_t_2",
        "content": "T",
        "notes": "Auto-generated by JISC"
    },
    {
        "id": "def_686d8cb5903c9",
        "name": "char_u_2",
        "content": "U",
        "notes": "Auto-generated by JISC"
    },
    {
        "id": "def_686d8cb5903ca",
        "name": "char_v_2",
        "content": "V",
        "notes": "Auto-generated by JISC"
    },
    {
        "id": "def_686d8cb5903cb",
        "name": "char_w_2",
        "content": "W",
        "notes": "Auto-generated by JISC"
    },
    {
        "id": "def_686d8cb5903cc",
        "name": "char_x_2",
        "content": "X",
        "notes": "Auto-generated by JISC"
    },
    {
        "id": "def_686d8cb5903cd",
        "name": "char_y_2",
        "content": "Y",
        "notes": "Auto-generated by JISC"
    },
    {
        "id": "def_686d8cb5903ce",
        "name": "char_z_2",
        "content": "Z",
        "notes": "Auto-generated by JISC"
    },
    {
        "id": "def_686d8cb5903cf",
        "name": "char_0",
        "content": "0",
        "notes": "Auto-generated by JISC"
    },
    {
        "id": "def_686d8cb5903d0",
        "name": "char_1",
        "content": "1",
        "notes": "Auto-generated by JISC"
    },
    {
        "id": "def_686d8cb5903d1",
        "name": "char_2",
        "content": "2",
        "notes": "Auto-generated by JISC"
    },
    {
        "id": "def_686d8cb5903d2",
        "name": "char_3",
        "content": "3",
        "notes": "Auto-generated by JISC"
    },
    {
        "id": "def_686d8cb5903d3",
        "name": "char_4",
        "content": "4",
        "notes": "Auto-generated by JISC"
    },
    {
        "id": "def_686d8cb5903d4",
        "name": "char_5",
        "content": "5",
        "notes": "Auto-generated by JISC"
    },
    {
        "id": "def_686d8cb5903d5",
        "name": "char_6",
        "content": "6",
        "notes": "Auto-generated by JISC"
    },
    {
        "id": "def_686d8cb5903d6",
        "name": "char_7",
        "content": "7",
        "notes": "Auto-generated by JISC"
    },
    {
        "id": "def_686d8cb5903d7",
        "name": "char_8",
        "content": "8",
        "notes": "Auto-generated by JISC"
    },
    {
        "id": "def_686d8cb5903d8",
        "name": "char_9",
        "content": "9",
        "notes": "Auto-generated by JISC"
    },
    {
        "id": "def_686d8cb5903d9",
        "name": "char_",
        "content": "`",
        "notes": "Auto-generated by JISC"
    },
    {
        "id": "def_686d8cb5903da",
        "name": "char__2",
        "content": "~",
        "notes": "Auto-generated by JISC"
    },
    {
        "id": "def_686d8cb5903db",
        "name": "char__3",
        "content": "!",
        "notes": "Auto-generated by JISC"
    },
    {
        "id": "def_686d8cb5903dc",
        "name": "char__4",
        "content": "@",
        "notes": "Auto-generated by JISC"
    },
    {
        "id": "def_686d8cb5903dd",
        "name": "char__5",
        "content": "#",
        "notes": "Auto-generated by JISC"
    },
    {
        "id": "def_686d8cb5903de",
        "name": "char__6",
        "content": "$",
        "notes": "Auto-generated by JISC"
    },
    {
        "id": "def_686d8cb5903df",
        "name": "char__7",
        "content": "%",
        "notes": "Auto-generated by JISC"
    },
    {
        "id": "def_686d8cb5903e0",
        "name": "char__8",
        "content": "^",
        "notes": "Auto-generated by JISC"
    },
    {
        "id": "def_686d8cb5903e1",
        "name": "char__9",
        "content": "&",
        "notes": "Auto-generated by JISC"
    },
    {
        "id": "def_686d8cb5903e2",
        "name": "char__10",
        "content": "*",
        "notes": "Auto-generated by JISC"
    },
    {
        "id": "def_686d8cb5903e3",
        "name": "char__11",
        "content": "(",
        "notes": "Auto-generated by JISC"
    },
    {
        "id": "def_686d8cb5903e4",
        "name": "char__12",
        "content": ")",
        "notes": "Auto-generated by JISC"
    },
    {
        "id": "def_686d8cb5903e5",
        "name": "char__13",
        "content": "_",
        "notes": "Auto-generated by JISC"
    },
    {
        "id": "def_686d8cb5903e6",
        "name": "char__14",
        "content": "+",
        "notes": "Auto-generated by JISC"
    },
    {
        "id": "def_686d8cb5903e7",
        "name": "char__15",
        "content": "-",
        "notes": "Auto-generated by JISC"
    },
    {
        "id": "def_686d8cb5903e8",
        "name": "char__16",
        "content": "=",
        "notes": "Auto-generated by JISC"
    },
    {
        "id": "def_686d8cb5903e9",
        "name": "char__17",
        "content": "[",
        "notes": "Auto-generated by JISC"
    },
    {
        "id": "def_686d8cb5903ea",
        "name": "char__18",
        "content": "]",
        "notes": "Auto-generated by JISC"
    },
    {
        "id": "def_686d8cb5903eb",
        "name": "char__19",
        "content": "\\",
        "notes": "Auto-generated by JISC"
    },
    {
        "id": "def_686d8cb5903ed",
        "name": "char__20",
        "content": "{",
        "notes": "Auto-generated by JISC"
    },
    {
        "id": "def_686d8cb5903ee",
        "name": "char__21",
        "content": "}",
        "notes": "Auto-generated by JISC"
    },
    {
        "id": "def_686d8cb5903f0",
        "name": "char__22",
        "content": "|",
        "notes": "Auto-generated by JISC"
    },
    {
        "id": "def_686d8cb5903f1",
        "name": "char__23",
        "content": ";",
        "notes": "Auto-generated by JISC"
    },
    {
        "id": "def_686d8cb5903f3",
        "name": "char__24",
        "content": "'",
        "notes": "Auto-generated by JISC"
    },
    {
        "id": "def_686d8cb5903f4",
        "name": "char__25",
        "content": ":",
        "notes": "Auto-generated by JISC"
    },
    {
        "id": "def_686d8cb5903f6",
        "name": "char__26",
        "content": "\"",
        "notes": "Auto-generated by JISC"
    },
    {
        "id": "def_686d8cb5903f8",
        "name": "char__27",
        "content": ",",
        "notes": "Auto-generated by JISC"
    },
    {
        "id": "def_686d8cb5903fa",
        "name": "char__28",
        "content": ".",
        "notes": "Auto-generated by JISC"
    },
    {
        "id": "def_686d8cb5903fc",
        "name": "char__29",
        "content": "\/",
        "notes": "Auto-generated by JISC"
    },
    {
        "id": "def_686d8cb5903fe",
        "name": "char__30",
        "content": "<",
        "notes": "Auto-generated by JISC"
    },
    {
        "id": "def_686d8cb590400",
        "name": "char__31",
        "content": ">",
        "notes": "Auto-generated by JISC"
    },
    {
        "id": "def_686d8cb590402",
        "name": "char__32",
        "content": "?",
        "notes": "Auto-generated by JISC"
    },
    {
        "id": "def_686d8cb590403",
        "name": "char_space",
        "content": " ",
        "notes": "Auto-generated by JISC"
    },
    {
        "id": "def_686d8ceaa023d",
        "name": "char_tab",
        "content": "\t",
        "notes": "tab"
    },
    {
        "id": "def_686d8cff4bf31",
        "name": "newline",
        "content": "\r\n",
        "notes": "new line"
    }
]