[
    {
        "id": "def_686f11dc04a2d",
        "name": "char_a",
        "content": "a",
        "notes": "Auto-generated by JISC"
    },
    {
        "id": "def_686f11dc04a30",
        "name": "char_b",
        "content": "b",
        "notes": "Auto-generated by JISC"
    },
    {
        "id": "def_686f11dc04a31",
        "name": "char_c",
        "content": "c",
        "notes": "Auto-generated by JISC"
    },
    {
        "id": "def_686f11dc04a32",
        "name": "char_d",
        "content": "d",
        "notes": "Auto-generated by JISC"
    },
    {
        "id": "def_686f11dc04a33",
        "name": "char_e",
        "content": "e",
        "notes": "Auto-generated by JISC"
    },
    {
        "id": "def_686f11dc04a34",
        "name": "char_f",
        "content": "f",
        "notes": "Auto-generated by JISC"
    },
    {
        "id": "def_686f11dc04a35",
        "name": "char_g",
        "content": "g",
        "notes": "Auto-generated by JISC"
    },
    {
        "id": "def_686f11dc04a36",
        "name": "char_h",
        "content": "h",
        "notes": "Auto-generated by JISC"
    },
    {
        "id": "def_686f11dc04a37",
        "name": "char_i",
        "content": "i",
        "notes": "Auto-generated by JISC"
    },
    {
        "id": "def_686f11dc04a38",
        "name": "char_j",
        "content": "j",
        "notes": "Auto-generated by JISC"
    },
    {
        "id": "def_686f11dc04a39",
        "name": "char_k",
        "content": "k",
        "notes": "Auto-generated by JISC"
    },
    {
        "id": "def_686f11dc04a3a",
        "name": "char_l",
        "content": "l",
        "notes": "Auto-generated by JISC"
    },
    {
        "id": "def_686f11dc04a3b",
        "name": "char_m",
        "content": "m",
        "notes": "Auto-generated by JISC"
    },
    {
        "id": "def_686f11dc04a3c",
        "name": "char_n",
        "content": "n",
        "notes": "Auto-generated by JISC"
    },
    {
        "id": "def_686f11dc04a3d",
        "name": "char_o",
        "content": "o",
        "notes": "Auto-generated by JISC"
    },
    {
        "id": "def_686f11dc04a3e",
        "name": "char_p",
        "content": "p",
        "notes": "Auto-generated by JISC"
    },
    {
        "id": "def_686f11dc04a3f",
        "name": "char_q",
        "content": "q",
        "notes": "Auto-generated by JISC"
    },
    {
        "id": "def_686f11dc04a40",
        "name": "char_r",
        "content": "r",
        "notes": "Auto-generated by JISC"
    },
    {
        "id": "def_686f11dc04a41",
        "name": "char_s",
        "content": "s",
        "notes": "Auto-generated by JISC"
    },
    {
        "id": "def_686f11dc04a42",
        "name": "char_t",
        "content": "t",
        "notes": "Auto-generated by JISC"
    },
    {
        "id": "def_686f11dc04a43",
        "name": "char_u",
        "content": "u",
        "notes": "Auto-generated by JISC"
    },
    {
        "id": "def_686f11dc04a44",
        "name": "char_v",
        "content": "v",
        "notes": "Auto-generated by JISC"
    },
    {
        "id": "def_686f11dc04a45",
        "name": "char_w",
        "content": "w",
        "notes": "Auto-generated by JISC"
    },
    {
        "id": "def_686f11dc04a46",
        "name": "char_x",
        "content": "x",
        "notes": "Auto-generated by JISC"
    },
    {
        "id": "def_686f11dc04a47",
        "name": "char_y",
        "content": "y",
        "notes": "Auto-generated by JISC"
    },
    {
        "id": "def_686f11dc04a48",
        "name": "char_z",
        "content": "z",
        "notes": "Auto-generated by JISC"
    },
    {
        "id": "def_686f11dc04a49",
        "name": "char_upper_a",
        "content": "A",
        "notes": "Auto-generated by JISC"
    },
    {
        "id": "def_686f11dc04a4a",
        "name": "char_upper_b",
        "content": "B",
        "notes": "Auto-generated by JISC"
    },
    {
        "id": "def_686f11dc04a4b",
        "name": "char_upper_c",
        "content": "C",
        "notes": "Auto-generated by JISC"
    },
    {
        "id": "def_686f11dc04a4c",
        "name": "char_upper_d",
        "content": "D",
        "notes": "Auto-generated by JISC"
    },
    {
        "id": "def_686f11dc04a4d",
        "name": "char_upper_e",
        "content": "E",
        "notes": "Auto-generated by JISC"
    },
    {
        "id": "def_686f11dc04a4e",
        "name": "char_upper_f",
        "content": "F",
        "notes": "Auto-generated by JISC"
    },
    {
        "id": "def_686f11dc04a4f",
        "name": "char_upper_g",
        "content": "G",
        "notes": "Auto-generated by JISC"
    },
    {
        "id": "def_686f11dc04a50",
        "name": "char_upper_h",
        "content": "H",
        "notes": "Auto-generated by JISC"
    },
    {
        "id": "def_686f11dc04a51",
        "name": "char_upper_i",
        "content": "I",
        "notes": "Auto-generated by JISC"
    },
    {
        "id": "def_686f11dc04a52",
        "name": "char_upper_j",
        "content": "J",
        "notes": "Auto-generated by JISC"
    },
    {
        "id": "def_686f11dc04a53",
        "name": "char_upper_k",
        "content": "K",
        "notes": "Auto-generated by JISC"
    },
    {
        "id": "def_686f11dc04a54",
        "name": "char_upper_l",
        "content": "L",
        "notes": "Auto-generated by JISC"
    },
    {
        "id": "def_686f11dc04a55",
        "name": "char_upper_m",
        "content": "M",
        "notes": "Auto-generated by JISC"
    },
    {
        "id": "def_686f11dc04a56",
        "name": "char_upper_n",
        "content": "N",
        "notes": "Auto-generated by JISC"
    },
    {
        "id": "def_686f11dc04a57",
        "name": "char_upper_o",
        "content": "O",
        "notes": "Auto-generated by JISC"
    },
    {
        "id": "def_686f11dc04a58",
        "name": "char_upper_p",
        "content": "P",
        "notes": "Auto-generated by JISC"
    },
    {
        "id": "def_686f11dc04a59",
        "name": "char_upper_q",
        "content": "Q",
        "notes": "Auto-generated by JISC"
    },
    {
        "id": "def_686f11dc04a5a",
        "name": "char_upper_r",
        "content": "R",
        "notes": "Auto-generated by JISC"
    },
    {
        "id": "def_686f11dc04a5b",
        "name": "char_upper_s",
        "content": "S",
        "notes": "Auto-generated by JISC"
    },
    {
        "id": "def_686f11dc04a5c",
        "name": "char_upper_t",
        "content": "T",
        "notes": "Auto-generated by JISC"
    },
    {
        "id": "def_686f11dc04a5d",
        "name": "char_upper_u",
        "content": "U",
        "notes": "Auto-generated by JISC"
    },
    {
        "id": "def_686f11dc04a5e",
        "name": "char_upper_v",
        "content": "V",
        "notes": "Auto-generated by JISC"
    },
    {
        "id": "def_686f11dc04a5f",
        "name": "char_upper_w",
        "content": "W",
        "notes": "Auto-generated by JISC"
    },
    {
        "id": "def_686f11dc04a60",
        "name": "char_upper_x",
        "content": "X",
        "notes": "Auto-generated by JISC"
    },
    {
        "id": "def_686f11dc04a61",
        "name": "char_upper_y",
        "content": "Y",
        "notes": "Auto-generated by JISC"
    },
    {
        "id": "def_686f11dc04a62",
        "name": "char_upper_z",
        "content": "Z",
        "notes": "Auto-generated by JISC"
    },
    {
        "id": "def_686f11dc04a63",
        "name": "char_upper_0",
        "content": "0",
        "notes": "Auto-generated by JISC"
    },
    {
        "id": "def_686f11dc04a64",
        "name": "char_upper_1",
        "content": "1",
        "notes": "Auto-generated by JISC"
    },
    {
        "id": "def_686f11dc04a65",
        "name": "char_upper_2",
        "content": "2",
        "notes": "Auto-generated by JISC"
    },
    {
        "id": "def_686f11dc04a66",
        "name": "char_upper_3",
        "content": "3",
        "notes": "Auto-generated by JISC"
    },
    {
        "id": "def_686f11dc04a67",
        "name": "char_upper_4",
        "content": "4",
        "notes": "Auto-generated by JISC"
    },
    {
        "id": "def_686f11dc04a68",
        "name": "char_upper_5",
        "content": "5",
        "notes": "Auto-generated by JISC"
    },
    {
        "id": "def_686f11dc04a69",
        "name": "char_upper_6",
        "content": "6",
        "notes": "Auto-generated by JISC"
    },
    {
        "id": "def_686f11dc04a6a",
        "name": "char_upper_7",
        "content": "7",
        "notes": "Auto-generated by JISC"
    },
    {
        "id": "def_686f11dc04a6b",
        "name": "char_upper_8",
        "content": "8",
        "notes": "Auto-generated by JISC"
    },
    {
        "id": "def_686f11dc04a6c",
        "name": "char_upper_9",
        "content": "9",
        "notes": "Auto-generated by JISC"
    },
    {
        "id": "def_686f11dc04a6d",
        "name": "char_backtick",
        "content": "`",
        "notes": "Auto-generated by JISC"
    },
    {
        "id": "def_686f11dc04a6e",
        "name": "char_tilde",
        "content": "~",
        "notes": "Auto-generated by JISC"
    },
    {
        "id": "def_686f11dc04a6f",
        "name": "char_exclamation",
        "content": "!",
        "notes": "Auto-generated by JISC"
    },
    {
        "id": "def_686f11dc04a70",
        "name": "char_at",
        "content": "@",
        "notes": "Auto-generated by JISC"
    },
    {
        "id": "def_686f11dc04a71",
        "name": "char_hash",
        "content": "#",
        "notes": "Auto-generated by JISC"
    },
    {
        "id": "def_686f11dc04a72",
        "name": "char_dollar",
        "content": "$",
        "notes": "Auto-generated by JISC"
    },
    {
        "id": "def_686f11dc04a73",
        "name": "char_percent",
        "content": "%",
        "notes": "Auto-generated by JISC"
    },
    {
        "id": "def_686f11dc04a74",
        "name": "char_caret",
        "content": "^",
        "notes": "Auto-generated by JISC"
    },
    {
        "id": "def_686f11dc04a75",
        "name": "char_ampersand",
        "content": "&",
        "notes": "Auto-generated by JISC"
    },
    {
        "id": "def_686f11dc04a76",
        "name": "char_asterisk",
        "content": "*",
        "notes": "Auto-generated by JISC"
    },
    {
        "id": "def_686f11dc04a77",
        "name": "char_paren_open",
        "content": "(",
        "notes": "Auto-generated by JISC"
    },
    {
        "id": "def_686f11dc04a78",
        "name": "char_paren_close",
        "content": ")",
        "notes": "Auto-generated by JISC"
    },
    {
        "id": "def_686f11dc04a79",
        "name": "char_underscore",
        "content": "_",
        "notes": "Auto-generated by JISC"
    },
    {
        "id": "def_686f11dc04a7a",
        "name": "char_plus",
        "content": "+",
        "notes": "Auto-generated by JISC"
    },
    {
        "id": "def_686f11dc04a7b",
        "name": "char_minus",
        "content": "-",
        "notes": "Auto-generated by JISC"
    },
    {
        "id": "def_686f11dc04a7c",
        "name": "char_equals",
        "content": "=",
        "notes": "Auto-generated by JISC"
    },
    {
        "id": "def_686f11dc04a7d",
        "name": "char_bracket_open",
        "content": "[",
        "notes": "Auto-generated by JISC"
    },
    {
        "id": "def_686f11dc04a7e",
        "name": "char_bracket_close",
        "content": "]",
        "notes": "Auto-generated by JISC"
    },
    {
        "id": "def_686f11dc04a7f",
        "name": "char_brace_open",
        "content": "{",
        "notes": "Auto-generated by JISC"
    },
    {
        "id": "def_686f11dc04a80",
        "name": "char_brace_close",
        "content": "}",
        "notes": "Auto-generated by JISC"
    },
    {
        "id": "def_686f11dc04a81",
        "name": "char_pipe",
        "content": "|",
        "notes": "Auto-generated by JISC"
    },
    {
        "id": "def_686f11dc04a82",
        "name": "char_semicolon",
        "content": ";",
        "notes": "Auto-generated by JISC"
    },
    {
        "id": "def_686f11dc04a83",
        "name": "char_single_quote",
        "content": "'",
        "notes": "Auto-generated by JISC"
    },
    {
        "id": "def_686f11dc04a84",
        "name": "char_colon",
        "content": ":",
        "notes": "Auto-generated by JISC"
    },
    {
        "id": "def_686f11dc04a85",
        "name": "char_double_quote",
        "content": "\"",
        "notes": "Auto-generated by JISC"
    },
    {
        "id": "def_686f11dc04a86",
        "name": "char_comma",
        "content": ",",
        "notes": "Auto-generated by JISC"
    },
    {
        "id": "def_686f11dc04a87",
        "name": "char_period",
        "content": ".",
        "notes": "Auto-generated by JISC"
    },
    {
        "id": "def_686f11dc04a88",
        "name": "char_slash",
        "content": "\/",
        "notes": "Auto-generated by JISC"
    },
    {
        "id": "def_686f11dc04a89",
        "name": "char_less_than",
        "content": "<",
        "notes": "Auto-generated by JISC"
    },
    {
        "id": "def_686f11dc04a8a",
        "name": "char_greater_than",
        "content": ">",
        "notes": "Auto-generated by JISC"
    },
    {
        "id": "def_686f11dc04a8b",
        "name": "char_question_mark",
        "content": "?",
        "notes": "Auto-generated by JISC"
    },
    {
        "id": "def_686f11dc04a8c",
        "name": "char_space",
        "content": " ",
        "notes": "Auto-generated by JISC"
    },
    {
        "id": "def_686f11dc04a8d",
        "name": "char_tab",
        "content": "\t",
        "notes": "Auto-generated by JISC"
    },
    {
        "id": "def_686f11dc04a8e",
        "name": "char_newline",
        "content": "\n",
        "notes": "Auto-generated by JISC"
    }
]