[
    {
        "username": "admin",
        "password": "$2y$10$8mR2H.JG9d.WS.Dgtu6uP.E36x0NqLjS7Vz4CiRBl.C11MuWrNFmy",
        "roles": [
            "admin",
            "developer"
        ],
        "name": "Administrator",
        "quota": 20971520,
        "lastLogin": "2025-07-26T12:31:55+02:00"
    },
    {
        "username": "guest",
        "password": "$2y$10$zz8lngoS0TUjuiriShNDWuuF.zuI1lNo8i3ZpXLhA9LVMLJoAlP.y",
        "roles": [
            "user"
        ],
        "name": "Guest User",
        "quota": 10485760,
        "lastLogin": null
    },
    {
        "username": "testdev",
        "password": "$2y$10$lQ78Jo6myiQ6JbFQxOou/.gTqm0e0lsA.QKkioN/fqxSZb6/fgY3G",
        "roles": [
            "developer"
        ],
        "name": "Test Developer",
        "quota": 15728640,
        "lastLogin": "2025-07-26T12:03:55+02:00"
    }
]