{
  "system": {
    "version": "1.0",
    "name": "Vintage Mathematical OS",
    "config": {
      "theme": "default",
      "fontSize": 12,
      "autoSaveInterval": 60,
      "installedApps": [],
      "desktopIcons": [
        "mathematicalSandbox",
        "fileManager",
        "appStore",
        "terminal",
        "settings"
      ],
      "systemReservedApps": [
        "mathematicalSandbox",
        "fileManager",
        "appStore",
        "terminal",
        "settings"
      ]
    }
  },
  "apps": []
}