[
    {
        "id": "def_686d460faeb54",
        "name": "lowercase_letter_a",
        "content": "a",
        "notes": "Belongs to the English language"
    },
    {
        "id": "def_686d46694489d",
        "name": "lowercase_letter_b",
        "content": "b",
        "notes": "Belonging to the English language"
    },
    {
        "id": "def_686d4698548c8",
        "name": "lowercase_letter_c",
        "content": "c",
        "notes": "Belonging to the English language"
    },
    {
        "id": "def_686d46b89311b",
        "name": "lowercase_letter_d",
        "content": "d",
        "notes": "Belonging to the English language"
    },
    {
        "id": "def_686d46ec42fae",
        "name": "lowercase_letter_e",
        "content": "e",
        "notes": "Belonging to the English language"
    },
    {
        "id": "def_686d47134afb7",
        "name": "lowercase_letter_f",
        "content": "f",
        "notes": "Belonging to the English language"
    },
    {
        "id": "def_686d473011d98",
        "name": "lowercase_letter_g",
        "content": "g",
        "notes": "Belonging to the English language"
    },
    {
        "id": "def_686d58fd98a2b",
        "name": "lowercase_letter_h",
        "content": "h",
        "notes": "English Language"
    },
    {
        "id": "def_686d59347d832",
        "name": "lowercase_letter_i",
        "content": "i",
        "notes": "English Language"
    },
    {
        "id": "def_686d595f46923",
        "name": "lowercase_letter_j",
        "content": "j",
        "notes": "English Language"
    },
    {
        "id": "def_686d59c18ebde",
        "name": "lowercase_letter_k",
        "content": "k",
        "notes": "English Language"
    }
]