[
    {
        "id": "def_686db9a4dbea1",
        "name": "char_a",
        "content": "a",
        "notes": "Auto-generated by JISC"
    },
    {
        "id": "def_686db9a4dbea6",
        "name": "char_b",
        "content": "b",
        "notes": "Auto-generated by JISC"
    },
    {
        "id": "def_686db9a4dbea7",
        "name": "char_c",
        "content": "c",
        "notes": "Auto-generated by JISC"
    },
    {
        "id": "def_686db9a4dbea8",
        "name": "char_d",
        "content": "d",
        "notes": "Auto-generated by JISC"
    },
    {
        "id": "def_686db9a4dbea9",
        "name": "char_e",
        "content": "e",
        "notes": "Auto-generated by JISC"
    },
    {
        "id": "def_686db9a4dbeaa",
        "name": "char_f",
        "content": "f",
        "notes": "Auto-generated by JISC"
    },
    {
        "id": "def_686db9a4dbeab",
        "name": "char_g",
        "content": "g",
        "notes": "Auto-generated by JISC"
    },
    {
        "id": "def_686db9a4dbeac",
        "name": "char_h",
        "content": "h",
        "notes": "Auto-generated by JISC"
    },
    {
        "id": "def_686db9a4dbead",
        "name": "char_i",
        "content": "i",
        "notes": "Auto-generated by JISC"
    },
    {
        "id": "def_686db9a4dbeae",
        "name": "char_j",
        "content": "j",
        "notes": "Auto-generated by JISC"
    },
    {
        "id": "def_686db9a4dbeaf",
        "name": "char_k",
        "content": "k",
        "notes": "Auto-generated by JISC"
    },
    {
        "id": "def_686db9a4dbeb0",
        "name": "char_l",
        "content": "l",
        "notes": "Auto-generated by JISC"
    },
    {
        "id": "def_686db9a4dbeb1",
        "name": "char_m",
        "content": "m",
        "notes": "Auto-generated by JISC"
    },
    {
        "id": "def_686db9a4dbeb2",
        "name": "char_n",
        "content": "n",
        "notes": "Auto-generated by JISC"
    },
    {
        "id": "def_686db9a4dbeb3",
        "name": "char_o",
        "content": "o",
        "notes": "Auto-generated by JISC"
    },
    {
        "id": "def_686db9a4dbec7",
        "name": "char_p",
        "content": "p",
        "notes": "Auto-generated by JISC"
    },
    {
        "id": "def_686db9a4dbec8",
        "name": "char_q",
        "content": "q",
        "notes": "Auto-generated by JISC"
    },
    {
        "id": "def_686db9a4dbec9",
        "name": "char_r",
        "content": "r",
        "notes": "Auto-generated by JISC"
    },
    {
        "id": "def_686db9a4dbeca",
        "name": "char_s",
        "content": "s",
        "notes": "Auto-generated by JISC"
    },
    {
        "id": "def_686db9a4dbecb",
        "name": "char_t",
        "content": "t",
        "notes": "Auto-generated by JISC"
    },
    {
        "id": "def_686db9a4dbecc",
        "name": "char_u",
        "content": "u",
        "notes": "Auto-generated by JISC"
    },
    {
        "id": "def_686db9a4dbecd",
        "name": "char_v",
        "content": "v",
        "notes": "Auto-generated by JISC"
    },
    {
        "id": "def_686db9a4dbece",
        "name": "char_w",
        "content": "w",
        "notes": "Auto-generated by JISC"
    },
    {
        "id": "def_686db9a4dbecf",
        "name": "char_x",
        "content": "x",
        "notes": "Auto-generated by JISC"
    },
    {
        "id": "def_686db9a4dbed0",
        "name": "char_y",
        "content": "y",
        "notes": "Auto-generated by JISC"
    },
    {
        "id": "def_686db9a4dbed1",
        "name": "char_z",
        "content": "z",
        "notes": "Auto-generated by JISC"
    },
    {
        "id": "def_686db9a4dbed2",
        "name": "char_upper_a",
        "content": "A",
        "notes": "Auto-generated by JISC"
    },
    {
        "id": "def_686db9a4dbed3",
        "name": "char_upper_b",
        "content": "B",
        "notes": "Auto-generated by JISC"
    },
    {
        "id": "def_686db9a4dbed4",
        "name": "char_upper_c",
        "content": "C",
        "notes": "Auto-generated by JISC"
    },
    {
        "id": "def_686db9a4dbed5",
        "name": "char_upper_d",
        "content": "D",
        "notes": "Auto-generated by JISC"
    },
    {
        "id": "def_686db9a4dbed6",
        "name": "char_upper_e",
        "content": "E",
        "notes": "Auto-generated by JISC"
    },
    {
        "id": "def_686db9a4dbed7",
        "name": "char_upper_f",
        "content": "F",
        "notes": "Auto-generated by JISC"
    },
    {
        "id": "def_686db9a4dbed8",
        "name": "char_upper_g",
        "content": "G",
        "notes": "Auto-generated by JISC"
    },
    {
        "id": "def_686db9a4dbed9",
        "name": "char_upper_h",
        "content": "H",
        "notes": "Auto-generated by JISC"
    },
    {
        "id": "def_686db9a4dbeda",
        "name": "char_upper_i",
        "content": "I",
        "notes": "Auto-generated by JISC"
    },
    {
        "id": "def_686db9a4dbedb",
        "name": "char_upper_j",
        "content": "J",
        "notes": "Auto-generated by JISC"
    },
    {
        "id": "def_686db9a4dbedc",
        "name": "char_upper_k",
        "content": "K",
        "notes": "Auto-generated by JISC"
    },
    {
        "id": "def_686db9a4dbedd",
        "name": "char_upper_l",
        "content": "L",
        "notes": "Auto-generated by JISC"
    },
    {
        "id": "def_686db9a4dbede",
        "name": "char_upper_m",
        "content": "M",
        "notes": "Auto-generated by JISC"
    },
    {
        "id": "def_686db9a4dbedf",
        "name": "char_upper_n",
        "content": "N",
        "notes": "Auto-generated by JISC"
    },
    {
        "id": "def_686db9a4dbee0",
        "name": "char_upper_o",
        "content": "O",
        "notes": "Auto-generated by JISC"
    },
    {
        "id": "def_686db9a4dbee1",
        "name": "char_upper_p",
        "content": "P",
        "notes": "Auto-generated by JISC"
    },
    {
        "id": "def_686db9a4dbee2",
        "name": "char_upper_q",
        "content": "Q",
        "notes": "Auto-generated by JISC"
    },
    {
        "id": "def_686db9a4dbee3",
        "name": "char_upper_r",
        "content": "R",
        "notes": "Auto-generated by JISC"
    },
    {
        "id": "def_686db9a4dbee4",
        "name": "char_upper_s",
        "content": "S",
        "notes": "Auto-generated by JISC"
    },
    {
        "id": "def_686db9a4dbee5",
        "name": "char_upper_t",
        "content": "T",
        "notes": "Auto-generated by JISC"
    },
    {
        "id": "def_686db9a4dbee6",
        "name": "char_upper_u",
        "content": "U",
        "notes": "Auto-generated by JISC"
    },
    {
        "id": "def_686db9a4dbee7",
        "name": "char_upper_v",
        "content": "V",
        "notes": "Auto-generated by JISC"
    },
    {
        "id": "def_686db9a4dbee8",
        "name": "char_upper_w",
        "content": "W",
        "notes": "Auto-generated by JISC"
    },
    {
        "id": "def_686db9a4dbee9",
        "name": "char_upper_x",
        "content": "X",
        "notes": "Auto-generated by JISC"
    },
    {
        "id": "def_686db9a4dbeea",
        "name": "char_upper_y",
        "content": "Y",
        "notes": "Auto-generated by JISC"
    },
    {
        "id": "def_686db9a4dbeeb",
        "name": "char_upper_z",
        "content": "Z",
        "notes": "Auto-generated by JISC"
    },
    {
        "id": "def_686db9a4dbeec",
        "name": "char_upper_0",
        "content": "0",
        "notes": "Auto-generated by JISC"
    },
    {
        "id": "def_686db9a4dbeed",
        "name": "char_upper_1",
        "content": "1",
        "notes": "Auto-generated by JISC"
    },
    {
        "id": "def_686db9a4dbeee",
        "name": "char_upper_2",
        "content": "2",
        "notes": "Auto-generated by JISC"
    },
    {
        "id": "def_686db9a4dbeef",
        "name": "char_upper_3",
        "content": "3",
        "notes": "Auto-generated by JISC"
    },
    {
        "id": "def_686db9a4dbef0",
        "name": "char_upper_4",
        "content": "4",
        "notes": "Auto-generated by JISC"
    },
    {
        "id": "def_686db9a4dbef1",
        "name": "char_upper_5",
        "content": "5",
        "notes": "Auto-generated by JISC"
    },
    {
        "id": "def_686db9a4dbef2",
        "name": "char_upper_6",
        "content": "6",
        "notes": "Auto-generated by JISC"
    },
    {
        "id": "def_686db9a4dbef3",
        "name": "char_upper_7",
        "content": "7",
        "notes": "Auto-generated by JISC"
    },
    {
        "id": "def_686db9a4dbef4",
        "name": "char_upper_8",
        "content": "8",
        "notes": "Auto-generated by JISC"
    },
    {
        "id": "def_686db9a4dbef5",
        "name": "char_upper_9",
        "content": "9",
        "notes": "Auto-generated by JISC"
    },
    {
        "id": "def_686db9a4dbef6",
        "name": "char_backtick",
        "content": "`",
        "notes": "Auto-generated by JISC"
    },
    {
        "id": "def_686db9a4dbef7",
        "name": "char_tilde",
        "content": "~",
        "notes": "Auto-generated by JISC"
    },
    {
        "id": "def_686db9a4dbef8",
        "name": "char_exclamation",
        "content": "!",
        "notes": "Auto-generated by JISC"
    },
    {
        "id": "def_686db9a4dbef9",
        "name": "char_at",
        "content": "@",
        "notes": "Auto-generated by JISC"
    },
    {
        "id": "def_686db9a4dbefa",
        "name": "char_hash",
        "content": "#",
        "notes": "Auto-generated by JISC"
    },
    {
        "id": "def_686db9a4dbefb",
        "name": "char_dollar",
        "content": "$",
        "notes": "Auto-generated by JISC"
    },
    {
        "id": "def_686db9a4dbefc",
        "name": "char_percent",
        "content": "%",
        "notes": "Auto-generated by JISC"
    },
    {
        "id": "def_686db9a4dbefd",
        "name": "char_caret",
        "content": "^",
        "notes": "Auto-generated by JISC"
    },
    {
        "id": "def_686db9a4dbefe",
        "name": "char_ampersand",
        "content": "&",
        "notes": "Auto-generated by JISC"
    },
    {
        "id": "def_686db9a4dbeff",
        "name": "char_asterisk",
        "content": "*",
        "notes": "Auto-generated by JISC"
    },
    {
        "id": "def_686db9a4dbf00",
        "name": "char_paren_open",
        "content": "(",
        "notes": "Auto-generated by JISC"
    },
    {
        "id": "def_686db9a4dbf01",
        "name": "char_paren_close",
        "content": ")",
        "notes": "Auto-generated by JISC"
    },
    {
        "id": "def_686db9a4dbf02",
        "name": "char_underscore",
        "content": "_",
        "notes": "Auto-generated by JISC"
    },
    {
        "id": "def_686db9a4dbf03",
        "name": "char_plus",
        "content": "+",
        "notes": "Auto-generated by JISC"
    },
    {
        "id": "def_686db9a4dbf04",
        "name": "char_minus",
        "content": "-",
        "notes": "Auto-generated by JISC"
    },
    {
        "id": "def_686db9a4dbf05",
        "name": "char_equals",
        "content": "=",
        "notes": "Auto-generated by JISC"
    },
    {
        "id": "def_686db9a4dbf06",
        "name": "char_bracket_open",
        "content": "[",
        "notes": "Auto-generated by JISC"
    },
    {
        "id": "def_686db9a4dbf07",
        "name": "char_bracket_close",
        "content": "]",
        "notes": "Auto-generated by JISC"
    },
    {
        "id": "def_686db9a4dbf08",
        "name": "char_brace_open",
        "content": "{",
        "notes": "Auto-generated by JISC"
    },
    {
        "id": "def_686db9a4dbf09",
        "name": "char_brace_close",
        "content": "}",
        "notes": "Auto-generated by JISC"
    },
    {
        "id": "def_686db9a4dbf0a",
        "name": "char_pipe",
        "content": "|",
        "notes": "Auto-generated by JISC"
    },
    {
        "id": "def_686db9a4dbf0b",
        "name": "char_semicolon",
        "content": ";",
        "notes": "Auto-generated by JISC"
    },
    {
        "id": "def_686db9a4dbf0c",
        "name": "char_single_quote",
        "content": "'",
        "notes": "Auto-generated by JISC"
    },
    {
        "id": "def_686db9a4dbf0d",
        "name": "char_colon",
        "content": ":",
        "notes": "Auto-generated by JISC"
    },
    {
        "id": "def_686db9a4dbf0e",
        "name": "char_double_quote",
        "content": "\"",
        "notes": "Auto-generated by JISC"
    },
    {
        "id": "def_686db9a4dbf0f",
        "name": "char_comma",
        "content": ",",
        "notes": "Auto-generated by JISC"
    },
    {
        "id": "def_686db9a4dbf10",
        "name": "char_period",
        "content": ".",
        "notes": "Auto-generated by JISC"
    },
    {
        "id": "def_686db9a4dbf11",
        "name": "char_slash",
        "content": "\/",
        "notes": "Auto-generated by JISC"
    },
    {
        "id": "def_686db9a4dbf12",
        "name": "char_less_than",
        "content": "<",
        "notes": "Auto-generated by JISC"
    },
    {
        "id": "def_686db9a4dbf13",
        "name": "char_greater_than",
        "content": ">",
        "notes": "Auto-generated by JISC"
    },
    {
        "id": "def_686db9a4dbf14",
        "name": "char_question_mark",
        "content": "?",
        "notes": "Auto-generated by JISC"
    },
    {
        "id": "def_686db9a4dbf15",
        "name": "char_space",
        "content": " ",
        "notes": "Auto-generated by JISC"
    },
    {
        "id": "def_686db9a4dbf16",
        "name": "char_tab",
        "content": "\t",
        "notes": "Auto-generated by JISC"
    },
    {
        "id": "def_686db9a4dbf17",
        "name": "char_newline",
        "content": "\n",
        "notes": "Auto-generated by JISC"
    }
]