{
    "id": "terminal",
    "title": "IP Lab Terminal",
    "version": "1.0.0",
    "author": "IP Lab Genesis",
    "description": "Kernel-level command and architecture interface.",
    "icon": "💻",
    "category": "System",
    "entry": "terminal.js",
    "permissions": [
        "filesystem.read.*",
        "filesystem.write.*",
        "process.exec",
        "system.admin.*"
    ],
    "window": {
        "width": 800,
        "height": 550,
        "resizable": true
    }
}
