[
    {
        "id": "def_686f09546f0b1",
        "name": "char_a",
        "content": "a",
        "notes": "Auto-generated by JISC"
    },
    {
        "id": "def_686f09546f0bd",
        "name": "char_b",
        "content": "b",
        "notes": "Auto-generated by JISC"
    },
    {
        "id": "def_686f09546f0be",
        "name": "char_c",
        "content": "c",
        "notes": "Auto-generated by JISC"
    },
    {
        "id": "def_686f09546f0bf",
        "name": "char_d",
        "content": "d",
        "notes": "Auto-generated by JISC"
    },
    {
        "id": "def_686f09546f0c0",
        "name": "char_e",
        "content": "e",
        "notes": "Auto-generated by JISC"
    },
    {
        "id": "def_686f09546f0c1",
        "name": "char_f",
        "content": "f",
        "notes": "Auto-generated by JISC"
    },
    {
        "id": "def_686f09546f0c2",
        "name": "char_g",
        "content": "g",
        "notes": "Auto-generated by JISC"
    },
    {
        "id": "def_686f09546f0c3",
        "name": "char_h",
        "content": "h",
        "notes": "Auto-generated by JISC"
    },
    {
        "id": "def_686f09546f0c4",
        "name": "char_i",
        "content": "i",
        "notes": "Auto-generated by JISC"
    },
    {
        "id": "def_686f09546f0c5",
        "name": "char_j",
        "content": "j",
        "notes": "Auto-generated by JISC"
    },
    {
        "id": "def_686f09546f0c6",
        "name": "char_k",
        "content": "k",
        "notes": "Auto-generated by JISC"
    },
    {
        "id": "def_686f09546f0c7",
        "name": "char_l",
        "content": "l",
        "notes": "Auto-generated by JISC"
    },
    {
        "id": "def_686f09546f0c8",
        "name": "char_m",
        "content": "m",
        "notes": "Auto-generated by JISC"
    },
    {
        "id": "def_686f09546f0c9",
        "name": "char_n",
        "content": "n",
        "notes": "Auto-generated by JISC"
    },
    {
        "id": "def_686f09546f0ca",
        "name": "char_o",
        "content": "o",
        "notes": "Auto-generated by JISC"
    },
    {
        "id": "def_686f09546f0cb",
        "name": "char_p",
        "content": "p",
        "notes": "Auto-generated by JISC"
    },
    {
        "id": "def_686f09546f0cc",
        "name": "char_q",
        "content": "q",
        "notes": "Auto-generated by JISC"
    },
    {
        "id": "def_686f09546f0cd",
        "name": "char_r",
        "content": "r",
        "notes": "Auto-generated by JISC"
    },
    {
        "id": "def_686f09546f0ce",
        "name": "char_s",
        "content": "s",
        "notes": "Auto-generated by JISC"
    },
    {
        "id": "def_686f09546f0cf",
        "name": "char_t",
        "content": "t",
        "notes": "Auto-generated by JISC"
    },
    {
        "id": "def_686f09546f0d0",
        "name": "char_u",
        "content": "u",
        "notes": "Auto-generated by JISC"
    },
    {
        "id": "def_686f09546f0d1",
        "name": "char_v",
        "content": "v",
        "notes": "Auto-generated by JISC"
    },
    {
        "id": "def_686f09546f0d2",
        "name": "char_w",
        "content": "w",
        "notes": "Auto-generated by JISC"
    },
    {
        "id": "def_686f09546f0d3",
        "name": "char_x",
        "content": "x",
        "notes": "Auto-generated by JISC"
    },
    {
        "id": "def_686f09546f0d4",
        "name": "char_y",
        "content": "y",
        "notes": "Auto-generated by JISC"
    },
    {
        "id": "def_686f09546f0d5",
        "name": "char_z",
        "content": "z",
        "notes": "Auto-generated by JISC"
    },
    {
        "id": "def_686f09546f0d6",
        "name": "char_upper_a",
        "content": "A",
        "notes": "Auto-generated by JISC"
    },
    {
        "id": "def_686f09546f0d7",
        "name": "char_upper_b",
        "content": "B",
        "notes": "Auto-generated by JISC"
    },
    {
        "id": "def_686f09546f0d8",
        "name": "char_upper_c",
        "content": "C",
        "notes": "Auto-generated by JISC"
    },
    {
        "id": "def_686f09546f0d9",
        "name": "char_upper_d",
        "content": "D",
        "notes": "Auto-generated by JISC"
    },
    {
        "id": "def_686f09546f0da",
        "name": "char_upper_e",
        "content": "E",
        "notes": "Auto-generated by JISC"
    },
    {
        "id": "def_686f09546f0db",
        "name": "char_upper_f",
        "content": "F",
        "notes": "Auto-generated by JISC"
    },
    {
        "id": "def_686f09546f0dc",
        "name": "char_upper_g",
        "content": "G",
        "notes": "Auto-generated by JISC"
    },
    {
        "id": "def_686f09546f0dd",
        "name": "char_upper_h",
        "content": "H",
        "notes": "Auto-generated by JISC"
    },
    {
        "id": "def_686f09546f0de",
        "name": "char_upper_i",
        "content": "I",
        "notes": "Auto-generated by JISC"
    },
    {
        "id": "def_686f09546f0df",
        "name": "char_upper_j",
        "content": "J",
        "notes": "Auto-generated by JISC"
    },
    {
        "id": "def_686f09546f0e0",
        "name": "char_upper_k",
        "content": "K",
        "notes": "Auto-generated by JISC"
    },
    {
        "id": "def_686f09546f0e1",
        "name": "char_upper_l",
        "content": "L",
        "notes": "Auto-generated by JISC"
    },
    {
        "id": "def_686f09546f0e2",
        "name": "char_upper_m",
        "content": "M",
        "notes": "Auto-generated by JISC"
    },
    {
        "id": "def_686f09546f0e3",
        "name": "char_upper_n",
        "content": "N",
        "notes": "Auto-generated by JISC"
    },
    {
        "id": "def_686f09546f0e4",
        "name": "char_upper_o",
        "content": "O",
        "notes": "Auto-generated by JISC"
    },
    {
        "id": "def_686f09546f0e5",
        "name": "char_upper_p",
        "content": "P",
        "notes": "Auto-generated by JISC"
    },
    {
        "id": "def_686f09546f0e6",
        "name": "char_upper_q",
        "content": "Q",
        "notes": "Auto-generated by JISC"
    },
    {
        "id": "def_686f09546f0e7",
        "name": "char_upper_r",
        "content": "R",
        "notes": "Auto-generated by JISC"
    },
    {
        "id": "def_686f09546f0e8",
        "name": "char_upper_s",
        "content": "S",
        "notes": "Auto-generated by JISC"
    },
    {
        "id": "def_686f09546f0e9",
        "name": "char_upper_t",
        "content": "T",
        "notes": "Auto-generated by JISC"
    },
    {
        "id": "def_686f09546f0ea",
        "name": "char_upper_u",
        "content": "U",
        "notes": "Auto-generated by JISC"
    },
    {
        "id": "def_686f09546f0eb",
        "name": "char_upper_v",
        "content": "V",
        "notes": "Auto-generated by JISC"
    },
    {
        "id": "def_686f09546f0ec",
        "name": "char_upper_w",
        "content": "W",
        "notes": "Auto-generated by JISC"
    },
    {
        "id": "def_686f09546f0ed",
        "name": "char_upper_x",
        "content": "X",
        "notes": "Auto-generated by JISC"
    },
    {
        "id": "def_686f09546f0ee",
        "name": "char_upper_y",
        "content": "Y",
        "notes": "Auto-generated by JISC"
    },
    {
        "id": "def_686f09546f0ef",
        "name": "char_upper_z",
        "content": "Z",
        "notes": "Auto-generated by JISC"
    },
    {
        "id": "def_686f09546f0f0",
        "name": "char_upper_0",
        "content": "0",
        "notes": "Auto-generated by JISC"
    },
    {
        "id": "def_686f09546f0f1",
        "name": "char_upper_1",
        "content": "1",
        "notes": "Auto-generated by JISC"
    },
    {
        "id": "def_686f09546f0f2",
        "name": "char_upper_2",
        "content": "2",
        "notes": "Auto-generated by JISC"
    },
    {
        "id": "def_686f09546f0f3",
        "name": "char_upper_3",
        "content": "3",
        "notes": "Auto-generated by JISC"
    },
    {
        "id": "def_686f09546f0f4",
        "name": "char_upper_4",
        "content": "4",
        "notes": "Auto-generated by JISC"
    },
    {
        "id": "def_686f09546f0f5",
        "name": "char_upper_5",
        "content": "5",
        "notes": "Auto-generated by JISC"
    },
    {
        "id": "def_686f09546f0f6",
        "name": "char_upper_6",
        "content": "6",
        "notes": "Auto-generated by JISC"
    },
    {
        "id": "def_686f09546f0f7",
        "name": "char_upper_7",
        "content": "7",
        "notes": "Auto-generated by JISC"
    },
    {
        "id": "def_686f09546f0f8",
        "name": "char_upper_8",
        "content": "8",
        "notes": "Auto-generated by JISC"
    },
    {
        "id": "def_686f09546f0f9",
        "name": "char_upper_9",
        "content": "9",
        "notes": "Auto-generated by JISC"
    },
    {
        "id": "def_686f09546f0fa",
        "name": "char_backtick",
        "content": "`",
        "notes": "Auto-generated by JISC"
    },
    {
        "id": "def_686f09546f0fb",
        "name": "char_tilde",
        "content": "~",
        "notes": "Auto-generated by JISC"
    },
    {
        "id": "def_686f09546f0fc",
        "name": "char_exclamation",
        "content": "!",
        "notes": "Auto-generated by JISC"
    },
    {
        "id": "def_686f09546f0fd",
        "name": "char_at",
        "content": "@",
        "notes": "Auto-generated by JISC"
    },
    {
        "id": "def_686f09546f0fe",
        "name": "char_hash",
        "content": "#",
        "notes": "Auto-generated by JISC"
    },
    {
        "id": "def_686f09546f0ff",
        "name": "char_dollar",
        "content": "$",
        "notes": "Auto-generated by JISC"
    },
    {
        "id": "def_686f09546f100",
        "name": "char_percent",
        "content": "%",
        "notes": "Auto-generated by JISC"
    },
    {
        "id": "def_686f09546f101",
        "name": "char_caret",
        "content": "^",
        "notes": "Auto-generated by JISC"
    },
    {
        "id": "def_686f09546f102",
        "name": "char_ampersand",
        "content": "&",
        "notes": "Auto-generated by JISC"
    },
    {
        "id": "def_686f09546f103",
        "name": "char_asterisk",
        "content": "*",
        "notes": "Auto-generated by JISC"
    },
    {
        "id": "def_686f09546f104",
        "name": "char_paren_open",
        "content": "(",
        "notes": "Auto-generated by JISC"
    },
    {
        "id": "def_686f09546f105",
        "name": "char_paren_close",
        "content": ")",
        "notes": "Auto-generated by JISC"
    },
    {
        "id": "def_686f09546f106",
        "name": "char_underscore",
        "content": "_",
        "notes": "Auto-generated by JISC"
    },
    {
        "id": "def_686f09546f107",
        "name": "char_plus",
        "content": "+",
        "notes": "Auto-generated by JISC"
    },
    {
        "id": "def_686f09546f108",
        "name": "char_minus",
        "content": "-",
        "notes": "Auto-generated by JISC"
    },
    {
        "id": "def_686f09546f109",
        "name": "char_equals",
        "content": "=",
        "notes": "Auto-generated by JISC"
    },
    {
        "id": "def_686f09546f10a",
        "name": "char_bracket_open",
        "content": "[",
        "notes": "Auto-generated by JISC"
    },
    {
        "id": "def_686f09546f10b",
        "name": "char_bracket_close",
        "content": "]",
        "notes": "Auto-generated by JISC"
    },
    {
        "id": "def_686f09546f10c",
        "name": "char_brace_open",
        "content": "{",
        "notes": "Auto-generated by JISC"
    },
    {
        "id": "def_686f09546f10d",
        "name": "char_brace_close",
        "content": "}",
        "notes": "Auto-generated by JISC"
    },
    {
        "id": "def_686f09546f10e",
        "name": "char_pipe",
        "content": "|",
        "notes": "Auto-generated by JISC"
    },
    {
        "id": "def_686f09546f10f",
        "name": "char_semicolon",
        "content": ";",
        "notes": "Auto-generated by JISC"
    },
    {
        "id": "def_686f09546f110",
        "name": "char_single_quote",
        "content": "'",
        "notes": "Auto-generated by JISC"
    },
    {
        "id": "def_686f09546f111",
        "name": "char_colon",
        "content": ":",
        "notes": "Auto-generated by JISC"
    },
    {
        "id": "def_686f09546f112",
        "name": "char_double_quote",
        "content": "\"",
        "notes": "Auto-generated by JISC"
    },
    {
        "id": "def_686f09546f113",
        "name": "char_comma",
        "content": ",",
        "notes": "Auto-generated by JISC"
    },
    {
        "id": "def_686f09546f114",
        "name": "char_period",
        "content": ".",
        "notes": "Auto-generated by JISC"
    },
    {
        "id": "def_686f09546f115",
        "name": "char_slash",
        "content": "\/",
        "notes": "Auto-generated by JISC"
    },
    {
        "id": "def_686f09546f116",
        "name": "char_less_than",
        "content": "<",
        "notes": "Auto-generated by JISC"
    },
    {
        "id": "def_686f09546f117",
        "name": "char_greater_than",
        "content": ">",
        "notes": "Auto-generated by JISC"
    },
    {
        "id": "def_686f09546f118",
        "name": "char_question_mark",
        "content": "?",
        "notes": "Auto-generated by JISC"
    },
    {
        "id": "def_686f09546f119",
        "name": "char_space",
        "content": " ",
        "notes": "Auto-generated by JISC"
    },
    {
        "id": "def_686f09546f11a",
        "name": "char_tab",
        "content": "\t",
        "notes": "Auto-generated by JISC"
    },
    {
        "id": "def_686f09546f11b",
        "name": "char_newline",
        "content": "\n",
        "notes": "Auto-generated by JISC"
    }
]