[
    {
        "username": "admin",
        "password": "$2y$10$FtdqZzw05vxREIW27Cu8RuxfQujE6cAB9MDC5B8siy9JCHp9gXXce",
        "roles": [
            "admin",
            "developer"
        ],
        "name": "Administrator",
        "quota": 20971520,
        "lastLogin": "2025-07-25T12:54:14+02:00"
    },
    {
        "username": "guest",
        "password": "$2y$10$/VO75yoTbKLNE7nJgfqpR.JJEns84k/iTvaIjc.PGI6a4PmFiNTve",
        "roles": [
            "user"
        ],
        "name": "Guest User",
        "quota": 10485760,
        "lastLogin": "2025-07-11T12:35:18+02:00"
    },
    {
        "username": "domalec",
        "password": "$2y$10$MHXMQJAzhz1tyeK5vLZkieL12OGALkmI9G0Cxu18dH4J36ZlrmoTC",
        "roles": [
            "developer"
        ],
        "name": "Dominic Alexander Cooper",
        "quota": 15728640,
        "lastLogin": "2025-07-12T01:39:20+02:00"
    }
]