[
    {
        "id": "def_686f0a455a4f5",
        "name": "char_a",
        "content": "a",
        "notes": "Auto-generated by JISC"
    },
    {
        "id": "def_686f0a455a4f8",
        "name": "char_b",
        "content": "b",
        "notes": "Auto-generated by JISC"
    },
    {
        "id": "def_686f0a455a4f9",
        "name": "char_c",
        "content": "c",
        "notes": "Auto-generated by JISC"
    },
    {
        "id": "def_686f0a455a4fa",
        "name": "char_d",
        "content": "d",
        "notes": "Auto-generated by JISC"
    },
    {
        "id": "def_686f0a455a4fb",
        "name": "char_e",
        "content": "e",
        "notes": "Auto-generated by JISC"
    },
    {
        "id": "def_686f0a455a4fc",
        "name": "char_f",
        "content": "f",
        "notes": "Auto-generated by JISC"
    },
    {
        "id": "def_686f0a455a4fd",
        "name": "char_g",
        "content": "g",
        "notes": "Auto-generated by JISC"
    },
    {
        "id": "def_686f0a455a4fe",
        "name": "char_h",
        "content": "h",
        "notes": "Auto-generated by JISC"
    },
    {
        "id": "def_686f0a455a4ff",
        "name": "char_i",
        "content": "i",
        "notes": "Auto-generated by JISC"
    },
    {
        "id": "def_686f0a455a500",
        "name": "char_j",
        "content": "j",
        "notes": "Auto-generated by JISC"
    },
    {
        "id": "def_686f0a455a501",
        "name": "char_k",
        "content": "k",
        "notes": "Auto-generated by JISC"
    },
    {
        "id": "def_686f0a455a502",
        "name": "char_l",
        "content": "l",
        "notes": "Auto-generated by JISC"
    },
    {
        "id": "def_686f0a455a503",
        "name": "char_m",
        "content": "m",
        "notes": "Auto-generated by JISC"
    },
    {
        "id": "def_686f0a455a504",
        "name": "char_n",
        "content": "n",
        "notes": "Auto-generated by JISC"
    },
    {
        "id": "def_686f0a455a505",
        "name": "char_o",
        "content": "o",
        "notes": "Auto-generated by JISC"
    },
    {
        "id": "def_686f0a455a506",
        "name": "char_p",
        "content": "p",
        "notes": "Auto-generated by JISC"
    },
    {
        "id": "def_686f0a455a507",
        "name": "char_q",
        "content": "q",
        "notes": "Auto-generated by JISC"
    },
    {
        "id": "def_686f0a455a508",
        "name": "char_r",
        "content": "r",
        "notes": "Auto-generated by JISC"
    },
    {
        "id": "def_686f0a455a509",
        "name": "char_s",
        "content": "s",
        "notes": "Auto-generated by JISC"
    },
    {
        "id": "def_686f0a455a50a",
        "name": "char_t",
        "content": "t",
        "notes": "Auto-generated by JISC"
    },
    {
        "id": "def_686f0a455a50b",
        "name": "char_u",
        "content": "u",
        "notes": "Auto-generated by JISC"
    },
    {
        "id": "def_686f0a455a50c",
        "name": "char_v",
        "content": "v",
        "notes": "Auto-generated by JISC"
    },
    {
        "id": "def_686f0a455a50d",
        "name": "char_w",
        "content": "w",
        "notes": "Auto-generated by JISC"
    },
    {
        "id": "def_686f0a455a50e",
        "name": "char_x",
        "content": "x",
        "notes": "Auto-generated by JISC"
    },
    {
        "id": "def_686f0a455a50f",
        "name": "char_y",
        "content": "y",
        "notes": "Auto-generated by JISC"
    },
    {
        "id": "def_686f0a455a510",
        "name": "char_z",
        "content": "z",
        "notes": "Auto-generated by JISC"
    },
    {
        "id": "def_686f0a455a511",
        "name": "char_upper_a",
        "content": "A",
        "notes": "Auto-generated by JISC"
    },
    {
        "id": "def_686f0a455a512",
        "name": "char_upper_b",
        "content": "B",
        "notes": "Auto-generated by JISC"
    },
    {
        "id": "def_686f0a455a513",
        "name": "char_upper_c",
        "content": "C",
        "notes": "Auto-generated by JISC"
    },
    {
        "id": "def_686f0a455a514",
        "name": "char_upper_d",
        "content": "D",
        "notes": "Auto-generated by JISC"
    },
    {
        "id": "def_686f0a455a515",
        "name": "char_upper_e",
        "content": "E",
        "notes": "Auto-generated by JISC"
    },
    {
        "id": "def_686f0a455a516",
        "name": "char_upper_f",
        "content": "F",
        "notes": "Auto-generated by JISC"
    },
    {
        "id": "def_686f0a455a517",
        "name": "char_upper_g",
        "content": "G",
        "notes": "Auto-generated by JISC"
    },
    {
        "id": "def_686f0a455a518",
        "name": "char_upper_h",
        "content": "H",
        "notes": "Auto-generated by JISC"
    },
    {
        "id": "def_686f0a455a519",
        "name": "char_upper_i",
        "content": "I",
        "notes": "Auto-generated by JISC"
    },
    {
        "id": "def_686f0a455a51a",
        "name": "char_upper_j",
        "content": "J",
        "notes": "Auto-generated by JISC"
    },
    {
        "id": "def_686f0a455a51b",
        "name": "char_upper_k",
        "content": "K",
        "notes": "Auto-generated by JISC"
    },
    {
        "id": "def_686f0a455a51c",
        "name": "char_upper_l",
        "content": "L",
        "notes": "Auto-generated by JISC"
    },
    {
        "id": "def_686f0a455a51d",
        "name": "char_upper_m",
        "content": "M",
        "notes": "Auto-generated by JISC"
    },
    {
        "id": "def_686f0a455a51e",
        "name": "char_upper_n",
        "content": "N",
        "notes": "Auto-generated by JISC"
    },
    {
        "id": "def_686f0a455a51f",
        "name": "char_upper_o",
        "content": "O",
        "notes": "Auto-generated by JISC"
    },
    {
        "id": "def_686f0a455a520",
        "name": "char_upper_p",
        "content": "P",
        "notes": "Auto-generated by JISC"
    },
    {
        "id": "def_686f0a455a521",
        "name": "char_upper_q",
        "content": "Q",
        "notes": "Auto-generated by JISC"
    },
    {
        "id": "def_686f0a455a522",
        "name": "char_upper_r",
        "content": "R",
        "notes": "Auto-generated by JISC"
    },
    {
        "id": "def_686f0a455a523",
        "name": "char_upper_s",
        "content": "S",
        "notes": "Auto-generated by JISC"
    },
    {
        "id": "def_686f0a455a524",
        "name": "char_upper_t",
        "content": "T",
        "notes": "Auto-generated by JISC"
    },
    {
        "id": "def_686f0a455a525",
        "name": "char_upper_u",
        "content": "U",
        "notes": "Auto-generated by JISC"
    },
    {
        "id": "def_686f0a455a526",
        "name": "char_upper_v",
        "content": "V",
        "notes": "Auto-generated by JISC"
    },
    {
        "id": "def_686f0a455a527",
        "name": "char_upper_w",
        "content": "W",
        "notes": "Auto-generated by JISC"
    },
    {
        "id": "def_686f0a455a528",
        "name": "char_upper_x",
        "content": "X",
        "notes": "Auto-generated by JISC"
    },
    {
        "id": "def_686f0a455a529",
        "name": "char_upper_y",
        "content": "Y",
        "notes": "Auto-generated by JISC"
    },
    {
        "id": "def_686f0a455a52a",
        "name": "char_upper_z",
        "content": "Z",
        "notes": "Auto-generated by JISC"
    },
    {
        "id": "def_686f0a455a52b",
        "name": "char_upper_0",
        "content": "0",
        "notes": "Auto-generated by JISC"
    },
    {
        "id": "def_686f0a455a52c",
        "name": "char_upper_1",
        "content": "1",
        "notes": "Auto-generated by JISC"
    },
    {
        "id": "def_686f0a455a52d",
        "name": "char_upper_2",
        "content": "2",
        "notes": "Auto-generated by JISC"
    },
    {
        "id": "def_686f0a455a52e",
        "name": "char_upper_3",
        "content": "3",
        "notes": "Auto-generated by JISC"
    },
    {
        "id": "def_686f0a455a52f",
        "name": "char_upper_4",
        "content": "4",
        "notes": "Auto-generated by JISC"
    },
    {
        "id": "def_686f0a455a530",
        "name": "char_upper_5",
        "content": "5",
        "notes": "Auto-generated by JISC"
    },
    {
        "id": "def_686f0a455a531",
        "name": "char_upper_6",
        "content": "6",
        "notes": "Auto-generated by JISC"
    },
    {
        "id": "def_686f0a455a532",
        "name": "char_upper_7",
        "content": "7",
        "notes": "Auto-generated by JISC"
    },
    {
        "id": "def_686f0a455a533",
        "name": "char_upper_8",
        "content": "8",
        "notes": "Auto-generated by JISC"
    },
    {
        "id": "def_686f0a455a534",
        "name": "char_upper_9",
        "content": "9",
        "notes": "Auto-generated by JISC"
    },
    {
        "id": "def_686f0a455a535",
        "name": "char_backtick",
        "content": "`",
        "notes": "Auto-generated by JISC"
    },
    {
        "id": "def_686f0a455a536",
        "name": "char_tilde",
        "content": "~",
        "notes": "Auto-generated by JISC"
    },
    {
        "id": "def_686f0a455a537",
        "name": "char_exclamation",
        "content": "!",
        "notes": "Auto-generated by JISC"
    },
    {
        "id": "def_686f0a455a538",
        "name": "char_at",
        "content": "@",
        "notes": "Auto-generated by JISC"
    },
    {
        "id": "def_686f0a455a539",
        "name": "char_hash",
        "content": "#",
        "notes": "Auto-generated by JISC"
    },
    {
        "id": "def_686f0a455a53a",
        "name": "char_dollar",
        "content": "$",
        "notes": "Auto-generated by JISC"
    },
    {
        "id": "def_686f0a455a53b",
        "name": "char_percent",
        "content": "%",
        "notes": "Auto-generated by JISC"
    },
    {
        "id": "def_686f0a455a53c",
        "name": "char_caret",
        "content": "^",
        "notes": "Auto-generated by JISC"
    },
    {
        "id": "def_686f0a455a53d",
        "name": "char_ampersand",
        "content": "&",
        "notes": "Auto-generated by JISC"
    },
    {
        "id": "def_686f0a455a53e",
        "name": "char_asterisk",
        "content": "*",
        "notes": "Auto-generated by JISC"
    },
    {
        "id": "def_686f0a455a53f",
        "name": "char_paren_open",
        "content": "(",
        "notes": "Auto-generated by JISC"
    },
    {
        "id": "def_686f0a455a540",
        "name": "char_paren_close",
        "content": ")",
        "notes": "Auto-generated by JISC"
    },
    {
        "id": "def_686f0a455a541",
        "name": "char_underscore",
        "content": "_",
        "notes": "Auto-generated by JISC"
    },
    {
        "id": "def_686f0a455a542",
        "name": "char_plus",
        "content": "+",
        "notes": "Auto-generated by JISC"
    },
    {
        "id": "def_686f0a455a543",
        "name": "char_minus",
        "content": "-",
        "notes": "Auto-generated by JISC"
    },
    {
        "id": "def_686f0a455a544",
        "name": "char_equals",
        "content": "=",
        "notes": "Auto-generated by JISC"
    },
    {
        "id": "def_686f0a455a545",
        "name": "char_bracket_open",
        "content": "[",
        "notes": "Auto-generated by JISC"
    },
    {
        "id": "def_686f0a455a546",
        "name": "char_bracket_close",
        "content": "]",
        "notes": "Auto-generated by JISC"
    },
    {
        "id": "def_686f0a455a547",
        "name": "char_brace_open",
        "content": "{",
        "notes": "Auto-generated by JISC"
    },
    {
        "id": "def_686f0a455a548",
        "name": "char_brace_close",
        "content": "}",
        "notes": "Auto-generated by JISC"
    },
    {
        "id": "def_686f0a455a549",
        "name": "char_pipe",
        "content": "|",
        "notes": "Auto-generated by JISC"
    },
    {
        "id": "def_686f0a455a54a",
        "name": "char_semicolon",
        "content": ";",
        "notes": "Auto-generated by JISC"
    },
    {
        "id": "def_686f0a455a54b",
        "name": "char_single_quote",
        "content": "'",
        "notes": "Auto-generated by JISC"
    },
    {
        "id": "def_686f0a455a54c",
        "name": "char_colon",
        "content": ":",
        "notes": "Auto-generated by JISC"
    },
    {
        "id": "def_686f0a455a54d",
        "name": "char_double_quote",
        "content": "\"",
        "notes": "Auto-generated by JISC"
    },
    {
        "id": "def_686f0a455a54e",
        "name": "char_comma",
        "content": ",",
        "notes": "Auto-generated by JISC"
    },
    {
        "id": "def_686f0a455a54f",
        "name": "char_period",
        "content": ".",
        "notes": "Auto-generated by JISC"
    },
    {
        "id": "def_686f0a455a550",
        "name": "char_slash",
        "content": "\/",
        "notes": "Auto-generated by JISC"
    },
    {
        "id": "def_686f0a455a551",
        "name": "char_less_than",
        "content": "<",
        "notes": "Auto-generated by JISC"
    },
    {
        "id": "def_686f0a455a552",
        "name": "char_greater_than",
        "content": ">",
        "notes": "Auto-generated by JISC"
    },
    {
        "id": "def_686f0a455a553",
        "name": "char_question_mark",
        "content": "?",
        "notes": "Auto-generated by JISC"
    },
    {
        "id": "def_686f0a455a554",
        "name": "char_space",
        "content": " ",
        "notes": "Auto-generated by JISC"
    },
    {
        "id": "def_686f0a455a555",
        "name": "char_tab",
        "content": "\t",
        "notes": "Auto-generated by JISC"
    },
    {
        "id": "def_686f0a455a556",
        "name": "char_newline",
        "content": "\n",
        "notes": "Auto-generated by JISC"
    }
]